block_time,from,to,tx_hash,value
2025-11-09 19:15:33.000 UTC,0x37372c65397e35d388bd4cec2a7af8c4e411d8d8,0x07ff4e06865de4934409aa6ecea503b08cc1c78d,0x2f14df3e852edf313cef54160d937a583c566e89c751b9afcf7d27399b078fd0,0
2025-11-09 19:15:33.000 UTC,0x8655a92735f584ffb15e6a96f6780988f39df31a,0xc2132d05d31c914a87c6611c10748aeb04b58e8f,0xbe3fef9e87e375deac9bc1c8eeb34511d1f2ee50a312a3ff5f2ddcb9e4a52969,0
2025-11-09 19:15:33.000 UTC,0xa26616237b3e43ba6bdef11da5cb9cb6539acaac,0xb33bd56d4192e8e4e6a02e93eabc732165199346,0x798a21c060d213545316e3de9fe3527c0481aa1acc44a88d8918d1d8bbc9ec25,0
2025-11-09 19:15:33.000 UTC,0x7bc41f2e80aaf83f971ed557f0c277e4aa9054a7,0xd216153c06e857cd7f72665e0af1d7d82172f494,0xd81235de6b4b4fd776692f6460f178ad9116e352ae0780596a32ec0a8d680951,0
2025-11-09 19:15:33.000 UTC,0x435b3539f68283dd44f03a4bfe8666c0f6187033,0x5ff137d4b0fdcd49dca30c7cf57e578a026d2789,0x0a134fe115ebaa17028969356616df3d942565377195e8a658e138024d12bc29,0
2025-11-09 19:15:33.000 UTC,0x5fa25a9af896e45d9c98fa84103a18a463bcaa89,0x82d3db4c8040e6650f759539e3865eca02c2689f,0x30e8ac24f1f672a6b710b7e5969895fc83ea8fe282cbb6c2fad69c11922a8eb0,5885000000000000000
2025-11-09 19:15:33.000 UTC,0x013e3b50838fedbcfed1e26c3329990ec1d743ac,0x68b3465833fb72a70ecdf485e0e4c7bd8665fc45,0x11fb78fa8cf538d495539cd57af12b69957c534cfe77d86981d3be1eaa8a022f,0
2025-11-09 19:15:33.000 UTC,0x4a848740e0e65f7e21c2c0cf5481060d03e8b6a9,0x4a848740e0e65f7e21c2c0cf5481060d03e8b6a9,0xb6b86836c28c1f01578be1930a5d089600a8689ad0a1cef1d193033360f24f99,0
2025-11-09 19:15:33.000 UTC,0x05c3437fc5e2036c33fefd0c76beae237bd6e999,0x111111125421ca6dc452d289314280a0f8842a65,0x9d72ed2ba6703c597166c3e35508a8fd2e137784a0ed97115bb4d2a677784dc4,0
2025-11-09 19:15:33.000 UTC,0xa602141bfc2577a37b43d6156728b09c900b33c3,0xbc2bdb40a0c32a8b67a8ac36e01f9cac0157d835,0x04a27e584f7c24ac727cb87205801beb1bf45a1e51a7304d20b23761f9de7836,0
2025-11-09 19:15:33.000 UTC,0x06d3f9ed419fcc22a016aa935f899701858a6d70,0x264111245793271abba1e3b037e25b39959d4bb6,0xed1b9d7f6270c2234580e17f23c696ca569bc5be2c10736de590e90808c0cf14,0
2025-11-09 19:15:33.000 UTC,0xd75109f1478d4973f1dafec8e95c26a833a9007d,0x3c499c542cef5e3811e1192ce70d8cc03d5c3359,0xe5c0adde0dab164fe03ee86fceeeda122adacd128da229f29b40539a82398ebf,0
2025-11-09 19:15:33.000 UTC,0x1a50167389bd0c067a4a1450a048dd0f8261e93e,0x78654ed080c1d1c87907646fdb2ae48db3635341,0x72361ad5aa205f25426c657aa8df59bedffe1dc490ccfa8e97d2739e0e864870,0
2025-11-09 19:15:33.000 UTC,0x863cdf3433791faf89d197ad042746ff737f3178,0x288844216a63638381784e0c1081a3826fd5a2e4,0xfab4c20014692ac11413514bfe6f5464d5f21716d56b5f0edace70db1d6a17c6,0
2025-11-09 19:15:33.000 UTC,0x5525b02f0500c89d06682e1b631d1d281fe14e03,0xf338bd94ac7a5e987001a8bb6426ba5d2acf922b,0x4f1441db0cfb3422e82c72df629cdbd54333da37944f9a497889fa54d4f6fe39,0
2025-11-09 19:15:33.000 UTC,0x62d69fe4a67c15fa2dcc0d8c46dff7811842f539,0x802b65b5d9016621e66003aed0b16615093f328b,0xf85029029c3943273745edc71d13e8e0e633557717ee7260404f69cca4206317,0
2025-11-09 19:15:33.000 UTC,0x44427e179d9aadbb8e667e3f58989e18c7a021f0,0xb21e8ec81ce0cca1b1dcda68bf6bc22015005942,0x1edc603076e113fddcd6391c6273882d3b4bc018a0a6d1d6ff588fb9c769e577,0
2025-11-09 19:15:33.000 UTC,0x4af44c62fdaa14834f144ce8476bd001771ff1f6,0x5ff137d4b0fdcd49dca30c7cf57e578a026d2789,0x4ed62dcc0cee7a3a6c43a536c95c01fdcea3b07db99b63c6c29b489fded2d6ff,0
2025-11-09 19:15:33.000 UTC,0x2fae6bb6a1bef20f557139def6109b554d753ef9,0x68b3465833fb72a70ecdf485e0e4c7bd8665fc45,0xa18056566f762648e7f41e4467c92de82edd81538b6a75a3ed6035556980a0b3,0
2025-11-09 19:15:33.000 UTC,0xe37f7c80ced04c4f243c0fd04a5510d663cb88b5,0x6ce9bf8cdab780416ad1fd87b318a077d2f50eac,0xdc90fa006ac100f82f4b784f5a29d0ec15b3db63d7e49c9d745b7d137eac4bcf,0
2025-11-09 19:15:33.000 UTC,0x51467d6a347d51cd35338e1b9aed3a615eed0f25,0x802b65b5d9016621e66003aed0b16615093f328b,0x03d4dff8498583c676407c37a8575bd487653e5453dd71e7e7bb7aac973347ed,0
2025-11-09 19:15:33.000 UTC,0x9bdfd422d0b37983b8e92fbaf7652c8e19b468e5,0x00a02e60fdc6a1ec0a21d064164364edc39787bd,0x02bb10182bdac411974a335594fa47d7a3f06f267e7aa2d433a677e8745695b1,0
2025-11-09 19:15:33.000 UTC,0x0c802c7429d3e2c5994db49bf6a7a6af2deaa998,0xe3f18acc55091e2c48d883fc8c8413319d4ab7b0,0x67efdf2fb13af846db7a0f6eb141cc0d22f5833a9f0d445d537f2d3c1183bd04,0
2025-11-09 19:15:33.000 UTC,0x44427e179d9aadbb8e667e3f58989e18c7a021f0,0xb21e8ec81ce0cca1b1dcda68bf6bc22015005942,0xdca2f9154b9ae2b4509350e2f98183a5ed1ecdd33ac4e52232d6add25c9a36f1,0
2025-11-09 19:15:33.000 UTC,0xdfa705cf73847bf1812825c2a0af6dcbf1efdcbb,0x0000000071727de22e5e9d8baf0edac6f37da032,0xde3082c950e72f8c2c54e045416ccc007046a0515d842045bf12532b038e8709,0
2025-11-09 19:15:33.000 UTC,0x7210dd22a1461e6f44701d3d97f4a9f452b144e1,0xb768891e3130f6df18214ac804d4db76c2c37730,0xca1e153f27e42d30c65450bdbf4b5c6cce1bb9632d854d02ebcf8c2e2cf188f8,0
2025-11-09 19:15:33.000 UTC,0x0ab7c81043787d1227e2fac3fcce09b2f929bb70,0x4d97dcd97ec945f40cf65f87097ace5ea0476045,0xf874de4d5d75752a98e4fb30ff6d18389ace0e3f31bfef80bf1ee9189ae4f2f2,0
2025-11-09 19:15:33.000 UTC,0x4bdb16a35fc5fdc4a8701bc5b688d254e99027c0,0xe3f18acc55091e2c48d883fc8c8413319d4ab7b0,0x1122d002372bff980ab677b396fc569172ef74e7121fa9a8b250fc21aafeff97,0
2025-11-09 19:15:33.000 UTC,0x4337016838785634c63fce393bfc6222564436c4,0x0000000071727de22e5e9d8baf0edac6f37da032,0x3821caed4ef64429ebffddbda6a242fd30c6feb3802a0d8e8945b9631b295b15,0
2025-11-09 19:15:33.000 UTC,0x1625762f1618e6674bd96a9402d9dd03c4039354,0x802b65b5d9016621e66003aed0b16615093f328b,0x922a356aa805eb8a9cfaafb436686cf16af5998fb90863500ce8668deff49c4d,0
2025-11-09 19:15:33.000 UTC,0xdf27f17ba2bdbcb7a34d201b33bbca570f8d7143,0xa0e97ee633854d1f09abe52281b1d2ef146b9889,0xd1440638b762d27c16dc22041540f38b5ce3c42b0adec7e2c9a5ed04402b52e2,0
2025-11-09 19:15:33.000 UTC,0x81d463a52962995e5553311b17d03d51dc16fa7b,0x5e11d6a2184c321e69c6443dedb980f943db7836,0x77dd9b0559b4cee7b9ae0a1973551dd9ee48a340b93e49d321e837a33d8731e4,0
2025-11-09 19:15:33.000 UTC,0xb9986367e20c6061f0eb9abb862aa87536a68481,0x07ff4e06865de4934409aa6ecea503b08cc1c78d,0x7f9ddbdd6a6042dfaaea87dd14efa54bb86f44b1c461ea55529db2bd745bc64b,0
2025-11-09 19:15:33.000 UTC,0xcd68c0798249014b44f325db86c449673b3f963b,0x802b65b5d9016621e66003aed0b16615093f328b,0x2a9fe0f47f479c5eda405612d3a8b4e0f9d9b207f9b111f1c7a752a4154fbd8e,0
2025-11-09 19:15:33.000 UTC,0x940d98137cdb538b8e9dbd3a14bce8d7e0c450cc,0x2791bca1f2de4661ed88a30c99a7a9449aa84174,0x14860036ab119d2a02dccf7517de77dbb45edce6175b1268bc08fce357303432,0
2025-11-09 19:15:33.000 UTC,0xbdb04284f87a89b26de8587895a41bcdda431408,0x80ed28d84792d8b153bf2f25f0c4b7a1381de4ab,0xf9f0e87a320e09d157062fd41071eea5d92ce392129ef4a84f03690425c61963,0
2025-11-09 19:15:33.000 UTC,0x5931ad75543bdd0949b4e664760c4c44f6091823,0xb21e8ec81ce0cca1b1dcda68bf6bc22015005942,0xbf625ac694b310833cd2709803b5efb876360bc8fa524329424c69e7429b6d61,0
2025-11-09 19:15:33.000 UTC,0x4fac062e3edf91d976ea75ea6007cc3b086daad3,0xf0587af44973936b50901aa60084cc1e2dafe173,0x5425a2024cac1afc0f3fdc6fd59458ce97d26909a968efba2886effe92d50eb6,0
2025-11-09 19:15:33.000 UTC,0x8854d0a0b5f3d06e6a07e953a872b4f98b433895,0x05e913919fe520259272505169478ba050618874,0x1457196869117b4356e4b3e3ede5d48fd3d90d73d39c1bfe2c9cf83879fbaed0,0
2025-11-09 19:15:33.000 UTC,0x7ae58cd55a3466cd8785dfc2ea3c870fab8a625c,0x9e69638e9a3ddbac86791fb97e5e9955db32985f,0xa842144a07105e7aae6e7980fd94d4acb343e067afbdb2b7237b81f11fecead8,0
2025-11-09 19:15:33.000 UTC,0x94d591f9a223f76db938f0a9f35114bac105d206,0x3c499c542cef5e3811e1192ce70d8cc03d5c3359,0xfe6328acbc1ebf7635c30b23e2b635a90852ccb545fe7347d19ef2249786e685,0
2025-11-09 19:15:33.000 UTC,0x8745bbd26cd9d7de9694f190a5706beb3036a4fa,0x4c21a31407262f2d86256075165dcfbac78ff091,0x2c9465332fadb376d2288a0aa9b95c7d1ef533c6d708a06db6322fc25566f22d,3523859779362091
2025-11-09 19:15:33.000 UTC,0xf5bcf93bec7654e8f4860e18a92c8eba59a200ca,0xc9dd9acd7290d5b62fc6d94047738b0ce26a3455,0xfc6b5c2dc58367f8e67f4819ec59dc2bd0382bb792d189568293e46706d0227e,0
2025-11-09 19:15:33.000 UTC,0xf877b111025f86a36c6ed09f3df6fd30df69ff11,0x6aa3a471765e8a9884e0e6edcb0f796bf9f0b325,0xef7d11c32b6b9eac88ef60dac79fe0f8c036100aafc0a3cb4c0f174cf8bd6056,0
2025-11-09 19:15:33.000 UTC,0x325e6bb359dc8c1eec0f0afc8d6686261a1482c6,0xb33bd56d4192e8e4e6a02e93eabc732165199346,0x44d2d839e1fe972d0d21ebf447cd81ca304694c7bc1503b900d7b8fbec605061,0
2025-11-09 19:15:33.000 UTC,0xbd5cdd1ca9ae5f1443aec2642d43a538c32a473f,0x2786bae52a476d40bf7341846f89c5e1f2aec432,0x866e0a05104a7c1c935d27d95245e4bd1fdf7a269f3e5b92f194176dfc96c14c,50000000000000000
2025-11-09 19:15:33.000 UTC,0xb2bffc3788acfb35bf6555fa1fe6adc2c0afe9e5,0xb21e8ec81ce0cca1b1dcda68bf6bc22015005942,0x3e2ba2c552cf7bbadcbc6480d2badb5558b6df133bce0f5e1aa7cf2daff85db3,0
2025-11-09 19:15:33.000 UTC,0x07ae8551be970cb1cca11dd7a11f47ae82e70e67,0x9295ee1d8c5b022be115a2ad3c30c72e34e7f096,0x4246095cbe4b5e264a4ab527003249be59c9238770d34e4dbcab94b68bd36c76,0
2025-11-09 19:15:33.000 UTC,0x11bc13d38bb27f8207b908248b6f5b6471728018,0x07ff4e06865de4934409aa6ecea503b08cc1c78d,0x0852d00b76a50db7c1c513c813516a6f96991db4e85a52d4bf8681456c5d707a,0
2025-11-09 19:15:33.000 UTC,0x90fd2547e547faf0ee08c0d183db66ae8519f465,0xc37d3c4326ab0e1d2b9d8b916bbdf5715f780fcf,0x217e1a04c8bec92e0fb8ffc20a06324df0bc4aab279e78b2bfc4faa53cfd7327,0
2025-11-09 19:15:33.000 UTC,0xb2bffc3788acfb35bf6555fa1fe6adc2c0afe9e5,0xb21e8ec81ce0cca1b1dcda68bf6bc22015005942,0x77c05392ee9d6cafda16ad3e833e7c0ac4a720afe5fa0b20aaf988c39db37ecf,0
2025-11-09 19:15:33.000 UTC,0xed8d3be59d33103d13919581ba71e29d2a7cdaa7,0xdc7004a13a8a60bede3de14a98fdc17e0291c473,0xc86bad6fb5ab0a6c244f1f240d6afc07f51d500f4b8f90f3799c9cbceb474bcb,0
2025-11-09 19:15:33.000 UTC,0xa520bb7e5a34e042b906e69a5591ab948817c032,0x2791bca1f2de4661ed88a30c99a7a9449aa84174,0xb8195351c4cdb4aaebfc920234f8d9616403a42e9c967c37d106813fc8473842,0
2025-11-09 19:15:33.000 UTC,0xed49a8c2e31ca073c6900b8342d0c30552d4b7e0,0xedf6066a2b290c185783862c7f4776a2c8077ad1,0x8a13d92a3a7f51fa80bc0316975f835dd06283e333426ac9a85d6a8f37e7262e,0
2025-11-09 19:15:33.000 UTC,0xd2f52600775ff1ea60fe9f692c3d61f3ac7a8bb9,0xf485cb0ef96af2051fde3c9627d83808cc8dc88d,0xf67d55d24a0d6e4c30424d6b7486cf8215811e31f0693085281feaff33efa583,0
2025-11-09 19:15:33.000 UTC,0x5b6e4ef2952398983ccee7e1efa0ff0d3cf7b12a,0xe3f18acc55091e2c48d883fc8c8413319d4ab7b0,0x1863d03caa0252c0ed324ade59c72e95dac055e3c54f8c477f5b53570290e8af,0
2025-11-09 19:15:33.000 UTC,0x13b28e6e63dcdbdfd7bef47f5b3e59ae8ce490f8,0x898a4430375e7e86078b43eb2216afc3e79eb8e4,0x26d8eccdf26f8fcdf80972ade5cd5cd494d950b90acc547783119b10f4e8e311,6000000000000000000
2025-11-09 19:15:33.000 UTC,0x125914b1d921d83367a0478f4ea6447aff2ee9da,0xe3f18acc55091e2c48d883fc8c8413319d4ab7b0,0x195e311d793400ec1d8bd2ef9f4012d84af591110e068cbbed5dc789c0d7cea8,0
2025-11-09 19:15:33.000 UTC,0x19a130e5ec3167d53a5a36f59f48a46d48457425,0xe3f18acc55091e2c48d883fc8c8413319d4ab7b0,0xc20209f4edf59a9e4a6e7ba248f3be386442174fbb7801017b4a9052642b7f14,0
2025-11-09 19:15:33.000 UTC,0xf50b521df57dcdf5aad323a3e3cffb489409a757,0xb33bd56d4192e8e4e6a02e93eabc732165199346,0xcc80bef27fd850f360d1bec585e5056758c22ae11cc3836ec46662e1577a5c28,0
2025-11-09 19:15:33.000 UTC,0x4a848740e0e65f7e21c2c0cf5481060d03e8b6a9,0xb21e8ec81ce0cca1b1dcda68bf6bc22015005942,0x4d43a12080956dc981cbe41ad4d063c35d9273104690f1c190d7a5be41d82837,0
2025-11-09 19:15:33.000 UTC,0x196bfd0cdfdde23345866dcd6ba9503774beab29,0x2791bca1f2de4661ed88a30c99a7a9449aa84174,0x9a0c94c86cbae55d474db56357ec557d557886b52028f3d2fc48d0efd30004e7,0
2025-11-09 19:15:33.000 UTC,0x429b8474bd7308b7787d364985bb4b8ea7de1d47,0xe3f18acc55091e2c48d883fc8c8413319d4ab7b0,0x514f9796cea06fe5bf62106940bf35660cb066da252e579c00f30c22d9a024fb,0
2025-11-09 19:15:33.000 UTC,0x80d8fe6267723f5df661bff99e06b6c5ee54c6d5,0xe3f18acc55091e2c48d883fc8c8413319d4ab7b0,0x7e0c0a8d297ff274ddc0b6680a19f0c04e3cbc9c598aac23538f42d9afb94a67,0
2025-11-09 19:15:33.000 UTC,0x57f3bbad2dbb0956bd8d008d2505d9d45f427a1f,0xb21e8ec81ce0cca1b1dcda68bf6bc22015005942,0x338584b170270fbbddbe21857d5eea7205dad070339153dd527e351ea9dd4fe5,0
2025-11-09 19:15:33.000 UTC,0x5bec676e7e89806cb91bd3a6160f15a2f7ce6061,0x07ff4e06865de4934409aa6ecea503b08cc1c78d,0xcbd889bfdcb7ee773737c56e2ce2b6e246a0ff3390341d63e754e0069fc001bb,0
2025-11-09 19:15:33.000 UTC,0xcb88aa005b419f8c9724eb3a14d39b5f8465c8c2,0x2791bca1f2de4661ed88a30c99a7a9449aa84174,0x5d15e1106f342cda31b06ac2c83eb583da62d70893932527c84d9a4a5b5f37d4,0
2025-11-09 19:15:33.000 UTC,0x33dc72ce42a3f5ca0980c8ebf28d0ed3b2dc333b,0xda7cdea482b4e5f3d5b41aa286811d111f066b6b,0x0fdaee9a0d9dc3146e8fbbb8e8b24f2d02724edccbdfe6092cc9a2dfeefceb88,0
2025-11-09 19:15:33.000 UTC,0x4595a3ad508adf916ab082d0438515b190f41c84,0xe3f18acc55091e2c48d883fc8c8413319d4ab7b0,0xac39cfe8c6e4655d3ae64aa6d5155362653df7281bf553a4f0bb10746438c03c,0
2025-11-09 19:15:33.000 UTC,0x21d22350a94a861cb61091c33b7c1bca40a22781,0x802b65b5d9016621e66003aed0b16615093f328b,0xcfccf1c2675ff155abde6717daddb0f76e867acd356b1961731389234e1ec7b5,0
2025-11-09 19:15:31.000 UTC,0x7c1c92868789e414a1868cd5afe6b234c956a0a4,0xd91e80cf2e7be2e162c6513ced06f1dd0da35296,0x0970e0abac2833756db424ca47dba78bed3040dd09c76db4fca6c6f85941b74c,0
2025-11-09 19:15:31.000 UTC,0xfe094d3205b1224d1432a357093cbbb159f0c85f,0x2791bca1f2de4661ed88a30c99a7a9449aa84174,0xccdcfcd0460bc36f7b082e27c326c2ef94f3c50e64f6f1995590e5b3cf4e27d3,0
2025-11-09 19:15:31.000 UTC,0xf877b111025f86a36c6ed09f3df6fd30df69ff11,0x6aa3a471765e8a9884e0e6edcb0f796bf9f0b325,0x79461784ca6ce0a06145083942f7ba94ae4af9dbb1621ffc2c0d4656334123d2,0
2025-11-09 19:15:31.000 UTC,0xd0070bd0927b2e035ba67e9586dc94f4ba8b3dce,0xa5e0829caced8ffdd4de3c43696c57f7d7a678ff,0xec8735bd84625a4e9a43211eac7c84684e87d2d99db37c08e064c3a52b76b883,0
2025-11-09 19:15:31.000 UTC,0x115db5326e0d682e7fab1bf5a4d9346ff3343e24,0xc708d6f2153933daa50b2d0758955be0a93a8fec,0x01abde1abd46cf546ce2a3d4c8abdfd914d8344d5901268ff8aa39464edac0a4,0
2025-11-09 19:15:31.000 UTC,0xa808d24d6b77e16606d11357dad616bcf2c1284c,0xedf6066a2b290c185783862c7f4776a2c8077ad1,0x58659cbccf12c5d815579258263cb1e6766f2618a1ca4f35d036b38572f3e3e9,439939601101029568
2025-11-09 19:15:31.000 UTC,0x9dad7ffb068380c4c2259fcabab4a59dd9fb761b,0x07ff4e06865de4934409aa6ecea503b08cc1c78d,0xa2813a72fc3e174418559c5a266c6cfd5e6201e8000be05b76bb5aa5f5d673df,0
2025-11-09 19:15:31.000 UTC,0x1c06779ca644f38cf0e6a3d8dce450c71621f542,0x25a4b842cb200e9148ff5a11babf80488c8d8b07,0x05eaeb6bc0941ebd11849dd7be650a102f26f8ea0b1cfbf9bfb3f52fe574bf12,0
2025-11-09 19:15:31.000 UTC,0x59bb6de9fcd2243317676dad72a19d9150d33850,0x59994ecf54bcd938967927123ec96b9a1ec4189f,0x3f7df536949b78b0ab861a7cfac8621e0564027b6f4dc798526b743f24f24619,6028530081311552
2025-11-09 19:15:31.000 UTC,0x0b5c4a7fcda49e0a8661419bb55b86161a86db2a,0x3c499c542cef5e3811e1192ce70d8cc03d5c3359,0xc9da046bfaaf90f343ad74f10bcb5eb6e86ec9414a25bd0e4582d165e6d94ddc,0
2025-11-09 19:15:31.000 UTC,0x1357ce02e6879e6633682ad4da3fa050ea40846d,0x6c0ac888b075c6b5141cbc1da6170b6686afd07d,0xb3f12adf8de8854a4dfcd59bad8a24858689caa5dcaf674fbcc3e891bc8e32c5,0
2025-11-09 19:15:31.000 UTC,0x3c093a4e7ffa9893d3d10de537bc2859c88802c0,0x3ca98d9fce705a47e306c3e3789e633ce4ae0f95,0x84e01dddbe941168c25345e815d08f508c220a5216e695530838b18380789e1e,0
2025-11-09 19:15:31.000 UTC,0x9459dcfd455d4f4dea9de7b1a9714cc99e833616,0xb17245f6249ada819a67345c38898a6720b37c0d,0x885ed1ccc121b1c626ced60ccfb829436e4da88efaa08b395b1ee71b4cb422b5,0
2025-11-09 19:15:31.000 UTC,0x38bfe18f61a49c655793645e55f98f411d1d9584,0x07ff4e06865de4934409aa6ecea503b08cc1c78d,0x2c763c7657bb8c7a952ef5aaa9ffd90d0081707520748893fb7a93d5b9c84ef0,0
2025-11-09 19:15:31.000 UTC,0x13ab7629c1d136c0c1d13b7af6f5ca47e0fcf7c5,0xa3fb72cbf2e07dc1b34aea569ed40755fd978bd8,0x570210b680f42d8747eaec17e990b5b6d5c2f57f3647f30e58a1226dcdb6e7a7,0
2025-11-09 19:15:31.000 UTC,0x9ad7bcacecb47005981cb9aa377525cb0abc501a,0x5e4943373c2198625bd441ae0629e9e7b4fb4797,0x5b1ec65d467b37f1acb34fe47ac8d150aa785f9835d8e776863dcc3b4d1a8d40,0
2025-11-09 19:15:31.000 UTC,0x6b830ad397b63afd8b5dbf6d07128b64191c9386,0x25a4b842cb200e9148ff5a11babf80488c8d8b07,0xb7696a027c00fefe0cfa8ecca10baedf0fd79a87f2fc77685a58d5caff39cdf9,0
2025-11-09 19:15:31.000 UTC,0x8854d0a0b5f3d06e6a07e953a872b4f98b433895,0x05e913919fe520259272505169478ba050618874,0x01a59768f7d0b340256fa168735e88de06b0cdd5b4aac6aa62edaf62761df35a,0
2025-11-09 19:15:31.000 UTC,0xf763ee6ae8b3b425c8a0e683c87f954e7d6dae30,0x2791bca1f2de4661ed88a30c99a7a9449aa84174,0x7f0c065bf52b37bbec31a07afa9854fea299092c85e0657d7e5238d7aa85e4c2,0
2025-11-09 19:15:31.000 UTC,0x8d3f0b86b5b75fd958848d9d4d225ea24eb623dc,0x5c9a8a94959d0037964c63e2bebd7a196fecae68,0x64eda31ac5fb1205397ea1214487559e1a9f8562791346d6cc452df22b0e6854,0
2025-11-09 19:15:31.000 UTC,0x80d8fe6267723f5df661bff99e06b6c5ee54c6d5,0xe3f18acc55091e2c48d883fc8c8413319d4ab7b0,0x3adcfa4e7bc66c27ed0f57947621e79840fe907d9c486b003ba06e59666abe21,0
2025-11-09 19:15:31.000 UTC,0x5b6e4ef2952398983ccee7e1efa0ff0d3cf7b12a,0xe3f18acc55091e2c48d883fc8c8413319d4ab7b0,0x9ae3e45793914a3647f5ca007de9cd86e952f00d46e13a0ec722c5f599188467,0
2025-11-09 19:15:31.000 UTC,0x0c802c7429d3e2c5994db49bf6a7a6af2deaa998,0xe3f18acc55091e2c48d883fc8c8413319d4ab7b0,0xbce005c56229e72a91f6749ef2adc1d2abad95ce57ca274cd99fbf7b4ca004da,0
2025-11-09 19:15:31.000 UTC,0x501c43b2510da0ca6572e05b479e530ce3985646,0x13ab7629c1d136c0c1d13b7af6f5ca47e0fcf7c5,0x8916bed302a9ed12d07f5cbf9847f1093f56e4c8a423eb7d7f278ab60329b9cf,30352661973618137
2025-11-09 19:15:31.000 UTC,0x835d7d38523bb1607f62fd86e85125c584f9f65e,0x25a4b842cb200e9148ff5a11babf80488c8d8b07,0x5d6b4f17da22e1662504b78e3c1ed64cf2233ea5bf3a227e487202b285a150b5,0
2025-11-09 19:15:31.000 UTC,0xc604e97ce5dd780127a49a1842554e3e8b74dc41,0xa3fb72cbf2e07dc1b34aea569ed40755fd978bd8,0x491421a56c4b2efbf7f2cb90dc257f52613bdbea5cb60dba61b124b11edad825,0
2025-11-09 19:15:31.000 UTC,0xd887eac213b15ec09adc0b288f091358880a8152,0x1cd0cd01c8c902adab3430ae04b9ea32cb309cf1,0x60c1d32c20941d46b35eacd7596835cd3add1bfc59ac053d74b39946b9e55b50,0
2025-11-09 19:15:31.000 UTC,0x09583cb666c9a687adeafb50fd556adb6bae6fa6,0xb7f6d362157731d579eb5fa86379c2c1abcc9fcf,0x68db93f9a57432d21f030b10c9f7a11e8ad843021ea00c115da227d3c0cd601a,0
2025-11-09 19:15:31.000 UTC,0x6648e365a1b072797ee871d45691aead31b9d016,0xe3f18acc55091e2c48d883fc8c8413319d4ab7b0,0x00a57cb82f76a5d9a465923cdcd12ad9366878ad92b4a7c32a38580dbdedbb77,0
2025-11-09 19:15:31.000 UTC,0xddafac1c6aaab70d25dcc31a6947f6095c6a5b3d,0x9727d3fc7776b0b3bfaafd4e8ff75d87d98de7dc,0xc152566ef5f2442279b1fa65a04e64975bb06127d5cbc9ff7b3b8dfc4ad34036,0
2025-11-09 19:15:31.000 UTC,0x19a130e5ec3167d53a5a36f59f48a46d48457425,0xe3f18acc55091e2c48d883fc8c8413319d4ab7b0,0x93d6bb42d4832f3e50e1636aaca8c7bdb8ed49b91dcb49bb431e83430de8797b,0
2025-11-09 19:15:31.000 UTC,0x4595a3ad508adf916ab082d0438515b190f41c84,0xb768891e3130f6df18214ac804d4db76c2c37730,0x035460457b3fd7e901ddd8d2d050582c211bdab63b587afd51cab23222eb7c03,0
2025-11-09 19:15:31.000 UTC,0x94aeaaf8ec2cf81e96870d8d7ea0d29f121c981e,0x8ca97f41d2c81af050656e8ad0cf543820a24504,0x1743ecde3ea8c25d2f911a7e12dbb14ff6d66f59d48096251e39507e6a3502e3,0
2025-11-09 19:15:31.000 UTC,0x921df990acadf9a89d283b7e761ceac3311ea9ea,0xe3f18acc55091e2c48d883fc8c8413319d4ab7b0,0x282f75de7b2e637dca94d11509f8d454309912b963e9f444e629eadf67f69210,0
2025-11-09 19:15:31.000 UTC,0x429b8474bd7308b7787d364985bb4b8ea7de1d47,0xe3f18acc55091e2c48d883fc8c8413319d4ab7b0,0xab1c2ffbe1a4a89ff06a88fa7b8e8f5e12012f0aae27b6e3ff713afb238a8565,0
2025-11-09 19:15:31.000 UTC,0x84a611b71254f5fccb1e5a619ad723cad8a03638,0x97730d7bdb2260223a4bac7d72ee67ffe8840433,0x3bc1c44eb8a13b9db0a3e04980504e3e9864b9e8d896c22c10606d7382d61910,0
2025-11-09 19:15:31.000 UTC,0x7047d3fd1140baaf1b67d387b774f29a17a2ea24,0x806fdab92b0fc7fbe4bbbe5117a54caa9283d5a4,0x4eb19082bae5d6f00c252f7e86f05579444193da5b37d81914f15bc8785f7134,0
2025-11-09 19:15:31.000 UTC,0x07ae8551be970cb1cca11dd7a11f47ae82e70e67,0x9295ee1d8c5b022be115a2ad3c30c72e34e7f096,0x68548047d4c47ea9c3d58deae57f45b53e99f5cab687d59c72c483f9254bbff5,0
2025-11-09 19:15:31.000 UTC,0xd1849f4af09d9faa4085c1d87c5a826933c483d7,0x898a4430375e7e86078b43eb2216afc3e79eb8e4,0xbc3a5020e77b653874afd0810693602881b316fe3b076869e0460c6c4011961a,6000000000000000000
2025-11-09 19:15:31.000 UTC,0xd2add5493c7987995a472dbf90513d6d8f0d2367,0xe3f18acc55091e2c48d883fc8c8413319d4ab7b0,0x7cc667e5eabdddd277edee265cd19d78afc02c3b39601928bad6902d947f31c8,0
2025-11-09 19:15:31.000 UTC,0x769598dc61e5fb3d0db4ee969b4a10eef564de7a,0xe3f18acc55091e2c48d883fc8c8413319d4ab7b0,0xb4b83f6dc38ac75ca01ddc57a7b9cd558333fef86c879cfa5d9d7ba138dd8ed3,0
2025-11-09 19:15:31.000 UTC,0x7210dd22a1461e6f44701d3d97f4a9f452b144e1,0xe3f18acc55091e2c48d883fc8c8413319d4ab7b0,0x4e0e4b2b1f19e3a2ae3c26063a00d65c79bb95a1548ceb650eeac54eed0ec5e7,0
2025-11-09 19:15:31.000 UTC,0x9585e75b56f9a98049405306c00ec427bb76e512,0xe3f18acc55091e2c48d883fc8c8413319d4ab7b0,0x5d6e86e5848de159888553408db53e562af1bccbc63d34f1afc095c7120df5b7,0
2025-11-09 19:15:31.000 UTC,0xfbc522becd4def9da7d6dc467cec2d02d23aafac,0xc1e7171f20a0c9887f764bdaf8894d4568d50e80,0xb8b8d281632119a978aaf7985f898d1430c26fc738437d3512039d8641ec8736,100000000000000000
2025-11-09 19:15:31.000 UTC,0x5931ad75543bdd0949b4e664760c4c44f6091823,0xb21e8ec81ce0cca1b1dcda68bf6bc22015005942,0x8b752c9ef1da44b2c4278f58354a3aa2c7fdfb127770f96b72ba834d12e45533,0
2025-11-09 19:15:31.000 UTC,0x5472a8549715261a2da4630cdfe77eafb814a8b8,<nil>,0x5097974fe330ac89eb381ccd3e5daed40a5a974fd3ffe13c34cd0f7571e2fcc5,0
2025-11-09 19:15:31.000 UTC,0x4ea86e376d831dff48c0a2bbf1405df16bd223da,0xf338bd94ac7a5e987001a8bb6426ba5d2acf922b,0xc3b95b3800876ecb78e737102a703e20c4bfd2579ebb1f566b4ad2c5f1dc346e,0
2025-11-09 19:15:31.000 UTC,0xae5d7147ed7c1c312cd2762613442ee0f2c3124d,0xe3f18acc55091e2c48d883fc8c8413319d4ab7b0,0xf85fae03ce38c8742650bb702092bd51c05bcbbbde6d785b7c70cdae194ecc4e,0
2025-11-09 19:15:31.000 UTC,0x0db5aea9f41ce8398104e9d4694cfb18f146c493,0xee3afe347d5c74317041e2618c49534daf887c24,0x6007bc815aa1c2077558af12b96aeb1d1d19a36e751f3c45c6c319728593dfc5,0
2025-11-09 19:15:31.000 UTC,0x4824d7e01b76c1c137971fbd356bbd760812f259,0x5e4943373c2198625bd441ae0629e9e7b4fb4797,0x2d98d909d418bd2e8756de75e5878b837b72096c8e7ee69d021f70c914dea1b2,0
2025-11-09 19:15:31.000 UTC,0x715e295f6e9fc44edc027c9651dd3ce071b93a0a,0x07ff4e06865de4934409aa6ecea503b08cc1c78d,0x883c2b6fdd5b55c8c3375c34fc7a65169dcc4d61c10a5dce97f21decb3c94068,0
2025-11-09 19:15:31.000 UTC,0x1bc7df407aa2677732763d98895cb57ff4551d05,0x7a948b9a454afe843ae61eaba1da9a4e79befb79,0x2ae133368b45664d2bc1cbe4d89f3e9c1b0e6afea0cb767440604b661e89fb71,10000000000000000000
2025-11-09 19:15:31.000 UTC,0x5b1aca5441f1f5b2bfde57c500889f59b2ff0f6d,0x3c499c542cef5e3811e1192ce70d8cc03d5c3359,0x0f12d1f8182e5ffd9219756c2cb4853861adba2f36e38806266595b8cdb0f65c,0
2025-11-09 19:15:31.000 UTC,0xfff86a97ce07bbc648dc572372cead685f4be957,0x7e4e097837b8870439328ba5f91de43538af89b7,0x3e73c85789c8fef9902927aa95122d5f238402fb45fb9554f1d999a4a143944e,0
2025-11-09 19:15:31.000 UTC,0x4bdb16a35fc5fdc4a8701bc5b688d254e99027c0,0xe3f18acc55091e2c48d883fc8c8413319d4ab7b0,0x4d366bd13fe12f6ee0aaef06f34fb730b3037b8bfbb6f3bcf4e7f10e092617d5,0
2025-11-09 19:15:31.000 UTC,0x3fcb734a24b47a8d1ef73271a5390f06f9b68460,0x1cc304168c00f0d855540511ad1e90341ae70c9c,0xa9fbe6c09863a29fe94b540745bec584260bf64bca3cdf44528f80dac0a665f1,0
2025-11-09 19:15:29.000 UTC,0x6e6a2f90139e397219aacf8dda4ec8e9e4a599c6,0x6aa3a471765e8a9884e0e6edcb0f796bf9f0b325,0x86b5b7bf439701978954be682ae3e50138c9b64cbfb9be7d3a7023bb430a06ed,0
2025-11-09 19:15:29.000 UTC,0xf43420832f23b87a4c7cda5f928a596218937c82,0x2791bca1f2de4661ed88a30c99a7a9449aa84174,0x850e218ca5bad829bd4a231ab51f082e12533e0d3a8906f2f344693941850639,0
2025-11-09 19:15:29.000 UTC,0x250abd1d4ebc8e70a4981677d5525f827660bde4,0x43b5ed824b75c03a3b975e489a1bd3177cd10074,0x60ffac158ce26f5aac5652922883a0469df10bb049ae5d3a544bac45344e3050,0
2025-11-09 19:15:29.000 UTC,0x4da9395388791c22684e03779c3de10934eb9cfb,0x78a4f9b58b7e897206733210df83baa9a4192448,0x6a96be003b0ca640222f6247ba2c7b6d78b83e4d1ad2e342e09515bd6aac0b40,0
2025-11-09 19:15:29.000 UTC,0xb9eac2b0ce7954455ed746df3ce00e2e5d652899,0x5e4943373c2198625bd441ae0629e9e7b4fb4797,0x7340d312e91825d62577486f1dad6617d7dbab1a5a97e23af8ff3083144c82d8,0
2025-11-09 19:15:29.000 UTC,0x6e6a2f90139e397219aacf8dda4ec8e9e4a599c6,0x6aa3a471765e8a9884e0e6edcb0f796bf9f0b325,0x340c6cd0857db945e378ba4b12cb185f4502cff32084a46ad3a7ad0b7739c8aa,0
2025-11-09 19:15:29.000 UTC,0xae5d7147ed7c1c312cd2762613442ee0f2c3124d,0xe3f18acc55091e2c48d883fc8c8413319d4ab7b0,0x93ddd8e0dded5afff048ff9eb5993d43012ca8bc4361ad2840a34eba64a50648,0
2025-11-09 19:15:29.000 UTC,0xf38a0f7411af07b85c649dc1d8ea7ed773a64c49,0xe96e04d4f90daa05fd0b4e9a36e8ee75ea115cda,0x0b4232e5de7d497006992a39b29178e10db1f8d4cb7a0569c487195ae34d7b71,0
2025-11-09 19:15:29.000 UTC,0x4cf136550e232bace1e8b29fe7eebfa74fe1e926,0x3b7e1ce09afe2bb3a23919afb65a38e627cfbe97,0x9914fdc0ade15cd13ab2fb061b71a8d259a77991c12aa82087b6ce3f413f00b5,0
2025-11-09 19:15:29.000 UTC,0x66d6aaec4dc4aacf11695907b80cc3f6a26f6f31,0xc37d3c4326ab0e1d2b9d8b916bbdf5715f780fcf,0x42e0a1206704c85e65e1f3d48e580ffe569577c973e4a4940812aea26fd96920,0
2025-11-09 19:15:29.000 UTC,0x27284b4e105531a61dc754b28ce5476db2856cd6,0x07ff4e06865de4934409aa6ecea503b08cc1c78d,0x01a1052a4fee8a80fc77a64a204311c9b2451c4348184181e3e29e8d05ca55b0,0
2025-11-09 19:15:29.000 UTC,0x8e9e5b1c322ec8029e43d623fae669b7e9ce3bc8,0xa5e0829caced8ffdd4de3c43696c57f7d7a678ff,0x6ea48f446cf5d816e1652bb103e0b401b7b19d2f7d733bfdcb69ed2d94f3b0cf,0
2025-11-09 19:15:29.000 UTC,0x4ec69615bb5c4506c93f65bc991cceb8a640582e,0x871626add6fb50db66241330781bf0de54805051,0x34614eaea104b206611ee8b6150fc9b4b448ab3f271ab4cb4b4be1327f5cab85,3000000000000000000
2025-11-09 19:15:29.000 UTC,0x9f868eedc0c74c7c6b966cbc2319aaf031a7121e,0x25a4b842cb200e9148ff5a11babf80488c8d8b07,0xb33f0c78e4e0774e338d86e1a94389b7dc9338f7e3e49fa93862735eaa4f0a4f,0
2025-11-09 19:15:29.000 UTC,0x1e9482404d26040232e8380d488c35ddb277b105,0xc2132d05d31c914a87c6611c10748aeb04b58e8f,0x6ebd1e4353e39d9b5867d37666545f514b775a0da959c3dd9b9c7d772297474a,0
2025-11-09 19:15:29.000 UTC,0x7ae58cd55a3466cd8785dfc2ea3c870fab8a625c,0x9e69638e9a3ddbac86791fb97e5e9955db32985f,0x5f3a1fe11a46d780ebf09847cabf4f8435dd7b831fa9c4452fcc9c6b0617eded,0
2025-11-09 19:15:29.000 UTC,0xdf27f17ba2bdbcb7a34d201b33bbca570f8d7143,0xa0e97ee633854d1f09abe52281b1d2ef146b9889,0x3dda496d425969672dda3192eb960959196adeac9f9a47e702237dc74542c10f,0
2025-11-09 19:15:29.000 UTC,0xd5dd012019c58882dd507a8b3fcbb7b62e9a24c3,0x3c499c542cef5e3811e1192ce70d8cc03d5c3359,0x111c47a7bc68d969c5e18198de62ccaf642f5b90c981f6de4153cdfe29949a17,0
2025-11-09 19:15:29.000 UTC,0x125914b1d921d83367a0478f4ea6447aff2ee9da,0xe3f18acc55091e2c48d883fc8c8413319d4ab7b0,0xecfc1a48ccff2da10f6f3aca440330ec4b3a6420b864443d77febec8adc25bc2,0
2025-11-09 19:15:29.000 UTC,0x777ad55efc465052d6a4ab7bc75b6a15175bb399,0xc08c942015d149da17c1ef15128f3ca49eebe809,0xedef9baed04957cd860555336899cbef0c6bc8fc789874dfe55dfa6f1efef3f2,0
2025-11-09 19:15:29.000 UTC,0x9ea84fc3f9404822e5231cf2ae1e53d4edefb362,0x1964ca90474b11ffd08af387b110ba6c96251bfc,0x5528d7485a1a216a49260a1ea5aa516ef23a61ed6537b42388691993b4f86677,0
2025-11-09 19:15:29.000 UTC,0x6648e365a1b072797ee871d45691aead31b9d016,0xe3f18acc55091e2c48d883fc8c8413319d4ab7b0,0x63ae1f2a62b2e8d44bc8fa321e4b1d81e76c0149640b9a3e592996318580462f,0
2025-11-09 19:15:29.000 UTC,0x394311a6aaa0d8e3411d8b62de4578d41322d1bd,0x9295ee1d8c5b022be115a2ad3c30c72e34e7f096,0x0edfd3407f450b0bf9b2473ef2e34ac2006de6ca853d0ec93c3c2713d8b2ad64,0
2025-11-09 19:15:29.000 UTC,0xfbc522becd4def9da7d6dc467cec2d02d23aafac,0x148212a449ea09a00c5fae5f63355de70556f4c3,0xbedb5cef3afdab716fed3e8809af7461b326ddf45a24dd8b54a42a9dc84b4764,100000000000000000
2025-11-09 19:15:29.000 UTC,0xa602141bfc2577a37b43d6156728b09c900b33c3,0xbc2bdb40a0c32a8b67a8ac36e01f9cac0157d835,0x37b95ab4ed48439ce0174c07bd115e21899dff1bc0442ef6bb61a89c3872f1af,0
2025-11-09 19:15:29.000 UTC,0x3e0e777838658a911dcec4909744a4c5627b6805,0xa3fb72cbf2e07dc1b34aea569ed40755fd978bd8,0x7dd24e9e0343e9cc270d02e2d69b759b60096052cfda2f1ee70318f4f1f88398,0
2025-11-09 19:15:29.000 UTC,0x19a130e5ec3167d53a5a36f59f48a46d48457425,0xe3f18acc55091e2c48d883fc8c8413319d4ab7b0,0xa5f7799fa40fb9caee84dbe3bdd8a6e1362c6ac15f9128cf6d2609f657c99350,0
2025-11-09 19:15:29.000 UTC,0x7210dd22a1461e6f44701d3d97f4a9f452b144e1,0xb768891e3130f6df18214ac804d4db76c2c37730,0xda0b8580da7f05d9d0922fee001d42024c7d07a1aa30d12d0fcae5899373d6b7,0
2025-11-09 19:15:29.000 UTC,0x9592e03dda1a4c4dd7cd06a63d50f7a12ca467be,0x3c499c542cef5e3811e1192ce70d8cc03d5c3359,0xba12b5953c7ede9421f26c4e6b4a5e9facbd8609fcbbb1962fef2c72face09f8,0
2025-11-09 19:15:29.000 UTC,0x921df990acadf9a89d283b7e761ceac3311ea9ea,0xe3f18acc55091e2c48d883fc8c8413319d4ab7b0,0xdba65ae5158e2192b8921830cd9731f4db5ab2173a4caf501d20bea2a9434ce2,0
2025-11-09 19:15:29.000 UTC,0x3c08326bf9c0fb8142d53af3435b0c1f53e23c00,0x2791bca1f2de4661ed88a30c99a7a9449aa84174,0x0327843692664a2c516e2dddc06785f22665bc10cf0b46f57d3cc66ea71870c7,0
2025-11-09 19:15:29.000 UTC,0x8ea5456c2453492a3ca7b3a1bc10d0750774b8f7,0x2791bca1f2de4661ed88a30c99a7a9449aa84174,0x7003d76acdf2ffe266dbb1401b21471b5b084bd623116976a3f43e3c62fae08f,0
2025-11-09 19:15:29.000 UTC,0x9585e75b56f9a98049405306c00ec427bb76e512,0xe3f18acc55091e2c48d883fc8c8413319d4ab7b0,0x1237b8e9534b82bbbc80dee0dbdfa2bfad74d3c0b75418f798d3011950461eac,0
2025-11-09 19:15:29.000 UTC,0x186c47ea7a5c0a2787c3e4ae798b3e8c8dd5aaaf,0x2791bca1f2de4661ed88a30c99a7a9449aa84174,0x7f7c1165c1493a5d93253297ebbaf30dda341224bdfcf338cd03247b612a95ba,0
2025-11-09 19:15:29.000 UTC,0xddd8c93165245b2764dfe8be340992e99d7b2c07,0xd216153c06e857cd7f72665e0af1d7d82172f494,0xce8012dd8e137b2172b90ff33fcb7db28ca3a4248d882e15038861ef1ef6179d,0
2025-11-09 19:15:29.000 UTC,0xde403ac6593669941e730f11b62c946f62b118e2,0xeb51d9a39ad5eef215dc0bf39a8821ff804a0f01,0xb592223e172019c77bf8f86e72b4f5f0a8da9771e9e27c0d7bb87bcedb0bbf81,0
2025-11-09 19:15:29.000 UTC,0xcad97616f91872c02ba3553db315db4015cbe850,0x9295ee1d8c5b022be115a2ad3c30c72e34e7f096,0xa4e40c2e608719e7f5791c66025772de5179158a510836ad5fdaa8793732b09d,0
2025-11-09 19:15:29.000 UTC,0xb6c178554fc26436045ce644538bd796e9850a3b,0xa3fb72cbf2e07dc1b34aea569ed40755fd978bd8,0xbb9bca222a4068ac30cbc46e714f614e48a07e7b32dfb52e8245cf750f15c5b8,0
2025-11-09 19:15:29.000 UTC,0x765b27e14f665112ab9c6b07d64cd3ca19161efe,0x1964ca90474b11ffd08af387b110ba6c96251bfc,0xfe94b1a393e31a3a7fbecd5a5415e6ecc3990bf27970f6956bccb7da4d18ca7b,0
2025-11-09 19:15:29.000 UTC,0x4fc3ca63dae2161f3bb94f21ca9cd0fb735210d0,0x2e33d45aa6da89ef900066ceba45d4ca7ce66128,0xb3e2dfe05bfc949be483f797f2cd09b291c73536afb87b992b7c892a5932cd0b,8000000000000000000
2025-11-09 19:15:29.000 UTC,0x769598dc61e5fb3d0db4ee969b4a10eef564de7a,0xe3f18acc55091e2c48d883fc8c8413319d4ab7b0,0x96f02da56cb69decdf3d5dce7d4cb528b64483b6a7f80a6a060a55a99a4c93df,0
2025-11-09 19:15:29.000 UTC,0xf105cd06bf6ff2e8c9233a64ebf79ab85034709b,0x0eb32f4c1a8672b61b48d9f1493b6dd5a6b1f766,0x616d71fa41e15c27cdc299bc2fb7750177808a09725497697a449923573708cf,0
2025-11-09 19:15:29.000 UTC,0xd2add5493c7987995a472dbf90513d6d8f0d2367,0xe3f18acc55091e2c48d883fc8c8413319d4ab7b0,0x92d92f1caa3429c887c7e3470f80819b6bc512605867d67663639d04549c276c,0
2025-11-09 19:15:29.000 UTC,0x713839c9b7ebd1b9c83d3e35126a83a1b65b2be3,0xa4401a16c967a057b257aa3fba63397cbd7ba91b,0x031c0065afd85ee38d771139b24e5f123f17c8d44da74fa189e41208e6505b94,1000000000000000
2025-11-09 19:15:29.000 UTC,0x7843d5fb1f50c0d2c5bf3e38287cb459587a463e,0x53e0bca35ec356bd5dddfebbd1fc0fd03fabad39,0x6f7e693642cc76ed77d0ca152972802b4516a30f774fee9c191580d1e512328e,0
2025-11-09 19:15:29.000 UTC,0x654972fc41f40a01ab5cc1a71c2321c8a51d8234,0xc2132d05d31c914a87c6611c10748aeb04b58e8f,0xe575b0196aa6bd2ff64755bf5bfbefd5018a1eb8f7f7beedede402ad5c892537,0
2025-11-09 19:15:29.000 UTC,0xbba4dbac0bce601574955ad707f1c7dbbec3ef3d,0xb6ab1b6dd66df2f35de963c343e7b5a5b75536d7,0x878c65a6c0eb622209a35a507df9afa2474b6366077104e108cec51bad422e78,0
2025-11-09 19:15:29.000 UTC,0xbc9f4ae3a890a5b107f89a012d78bd5e5c59e5a1,0x73e97c8835f7c81cad1337b724f08a3aeff0e220,0x1003e1fd4e1ad3377da3653cd28d8dabfaf629a8eab378b61428925013bffaae,0
2025-11-09 19:15:29.000 UTC,0x5d7a9aa1c15c2128edb393b64ef36485db58d0d1,0x2791bca1f2de4661ed88a30c99a7a9449aa84174,0xfada0bae2d8abc6b5b2677cc43c5a8fa71a73ed2bdb0419553053df6d080bff4,0
2025-11-09 19:15:29.000 UTC,0xf279dfcdd57e1571c95e2c5b7e2ee453cbcdf77f,0x5ff137d4b0fdcd49dca30c7cf57e578a026d2789,0x2529f66d9c0c93a0c1fff6b5ca203e11b691f2373108c85e2ac5a6693859f834,0
2025-11-09 19:15:29.000 UTC,0xa62749c1d9feb55a3c480fb2156ece665c256b8e,0x5ff137d4b0fdcd49dca30c7cf57e578a026d2789,0x6e59d3c2bcbe682b9e130a95ed05a6766556e576072f2a093af60f45c9457a54,0
2025-11-09 19:15:29.000 UTC,0x710be84efbd0dfd4b1a67b9525a778ae5c420ff8,0xd216153c06e857cd7f72665e0af1d7d82172f494,0xda78233bc9e8e631d7016e400341bedb867fe493505a049b23d5de50b61ef87d,0
2025-11-09 19:15:29.000 UTC,0x11b9e16ed136ae0cd126b39b76b99af8db4e6447,0x4a7e27d126f3c380ad0eaebc0c5eb2fa893a0582,0xe25c5ad8ddbeebdc4c809d49f76f94c1afc3c05ae693b79d5d6b6a6343df0952,0
2025-11-09 19:15:29.000 UTC,0xbf5e3c7afbe37d13b040adb11d497bdbe061c87b,0xc2132d05d31c914a87c6611c10748aeb04b58e8f,0xdb2075b5da20594d5c0e49a7313ea9a11632a54b4b01e2da5d1418381c3b0f39,0
2025-11-09 19:15:29.000 UTC,0x7db63fe6d62eb73fb01f8009416f4c2bb4fbda6a,0xd216153c06e857cd7f72665e0af1d7d82172f494,0x1e2b40cdd0a9b7e0693c2890436e39e3d8a51008c43182927701ae3551fbf179,0
2025-11-09 19:15:29.000 UTC,0x781f369b6eb54bf6445a309bca13ad7902285b97,0xda13c7553a654601667adf9a1a16248bab584f13,0x576c09cfdc079f7d0da4cd7d3c145a097ec3469e8f3cc838d8d118280c9c9b9d,0
2025-11-09 19:15:27.000 UTC,0x0ab7c81043787d1227e2fac3fcce09b2f929bb70,0x4d97dcd97ec945f40cf65f87097ace5ea0476045,0xb9eecd506900fec1634e9acd29a1e43b502e319bd3dd2acc798740949af4d5ae,0
2025-11-09 19:15:27.000 UTC,0x8d3f0b86b5b75fd958848d9d4d225ea24eb623dc,0x5c9a8a94959d0037964c63e2bebd7a196fecae68,0x4a92cd1680b4bbd9d0619eb25fb4c74ec0d26910a955cd2a44bf050261d7f440,0
2025-11-09 19:15:27.000 UTC,0x02a9e767713ff8e9ec5b510d9ffe175efc3d36da,0x53e74728531e72fda9b0cc0975cd0b49278c6032,0x57bbcf1fccbcd35921e856af67eeb2895aadb29b00740569e775c6a76679a15f,0
2025-11-09 19:15:27.000 UTC,0xbeeddb8659c17bb717f399ede4d0c2b311718e2f,0x5e4943373c2198625bd441ae0629e9e7b4fb4797,0x4fbf32f3a2910bed7980d6e5069bb63fb3fbdd1b78260c50144bea750f999e8f,0
2025-11-09 19:15:27.000 UTC,0x9bdfd422d0b37983b8e92fbaf7652c8e19b468e5,0x00a02e60fdc6a1ec0a21d064164364edc39787bd,0x68244f93da09c51634cf3df1123c952f1443a9984ce04510c7eff831950e2908,0
2025-11-09 19:15:27.000 UTC,0xa16fb7ff7e72771834ed4e1a3474575dce91ea13,0x4d97dcd97ec945f40cf65f87097ace5ea0476045,0xb103df4433e4b3653e7736ce66f0df39101dc9e526ee17f7dd073a8676f80268,0
2025-11-09 19:15:27.000 UTC,0x718f3b1099234501875423d780a7a30104503eac,0x5ff137d4b0fdcd49dca30c7cf57e578a026d2789,0xcd460978ccaf7fbc9950af4a783de2e94a03f71fc2dc0a31a19dcabfa00bce2c,0
2025-11-09 19:15:27.000 UTC,0x35ad70b8749bf99bf892af2fbf47db5d8814c70e,0x1964ca90474b11ffd08af387b110ba6c96251bfc,0x3962b6d7fbafb6f9a1a6e5d2503b601c27bce2e290541d2da3f8038808842382,0
2025-11-09 19:15:27.000 UTC,0x995be1ca945174d5ba75410c1e658a41eb13a2fa,0xb62b398dfb6e888350c3124209230e4a781c3930,0x5c549404dbe9615004aaa01da4a54cc935eb0bea2a78365c27aa78f910e24316,0
2025-11-09 19:15:27.000 UTC,0x9459dcfd455d4f4dea9de7b1a9714cc99e833616,0xb17245f6249ada819a67345c38898a6720b37c0d,0x5c54ea8d58b16905f722bd763d4412c588b9ecfb5a9fa1fa2194b4287b4d3126,0
2025-11-09 19:15:27.000 UTC,0xf877b111025f86a36c6ed09f3df6fd30df69ff11,0x6aa3a471765e8a9884e0e6edcb0f796bf9f0b325,0x281cfed21e285ebb53b30fad419d6c86e83a0a672ab6c27b4c45e6b2f7a18008,0
2025-11-09 19:15:27.000 UTC,0x2030edd325bd3c9fc278429096038e781547a4ee,0x8c12253f71091b9582908c8a44f78870ec6f304f,0x6052c487bf8cfae6db9a131a21f25780206da556fde32a8466595d2e80270ba8,0
2025-11-09 19:15:27.000 UTC,0x31a0f5cddd0cfca8fd879f5d810067ca045fd90a,0xc9dd9acd7290d5b62fc6d94047738b0ce26a3455,0x346b1d29836803a4f6c389f8e6c7dfb6cc1714b4f2fc4440c45284c5fb9ced4e,0
2025-11-09 19:15:27.000 UTC,0x6895d0875441bbfa9dc0435d8ab74146723f08df,0x78654ed080c1d1c87907646fdb2ae48db3635341,0x9105ea1bc72a7eade4020f677f4feca1e2afc1356a7114031f421b6facc19f67,0
2025-11-09 19:15:27.000 UTC,0xf877b111025f86a36c6ed09f3df6fd30df69ff11,0x6aa3a471765e8a9884e0e6edcb0f796bf9f0b325,0x10a53d7e365b675dc7f25785cf3b84a99d782752dd285c2b936c879c74fb30f7,0
2025-11-09 19:15:27.000 UTC,0x9592e03dda1a4c4dd7cd06a63d50f7a12ca467be,0x3c499c542cef5e3811e1192ce70d8cc03d5c3359,0x3b868abf40a0fd8c8ebd97565bb92308b495e88fda46607bf55a4e77105b879e,0
2025-11-09 19:15:27.000 UTC,0xd3c59d0e940e95e5c34c3f37a0e0da1d7f3a49f7,0x5ff137d4b0fdcd49dca30c7cf57e578a026d2789,0xf7926e3d5076326add197170cafd00ad21390dcab3c3e83b0c4d30a65fab32bd,0
2025-11-09 19:15:27.000 UTC,0x6dd23e950878b1142772335cd122e92d47876c3e,0xa3fb72cbf2e07dc1b34aea569ed40755fd978bd8,0x6846c1cdde8f3704d9e50e1a8148ea10a9ea8e8ef07313e41dd88b205c352243,0
